{
  "dataset": "xsum",
  "kv_method": "SimCalKV",
  "metrics_before": {
    "rouge": {
      "rouge1": 0.15230159966471968,
      "rouge2": 0.035806399649708456,
      "rougeL": 0.10861646757685024,
      "rougeLsum": 0.12930424264145873
    }
  },
  "metrics_after": {
    "rouge": {
      "rouge1": 0.12410774724904501,
      "rouge2": 0.013638554216867469,
      "rougeL": 0.0902366106368532,
      "rougeLsum": 0.10719503661892989
    }
  },
  "avg_memory_saving_MB": 3.575,
  "time_before": 5.830803775787354,
  "time_after": 11.368823432922364,
  "avg_time_saving_s": -5.53801965713501,
  "throughput_before": 27.04814875831242,
  "throughput_after": 29.366463269526253,
  "avg_throughput_improvement_tokens_s": 2.318314511213835
}