{
  "dataset": "xsum",
  "kv_method": "KeepKV",
  "metrics_before": {
    "rouge": {
      "rouge1": 0.15260741006227319,
      "rouge2": 0.0356875642367554,
      "rougeL": 0.1081594988030498,
      "rougeLsum": 0.129250276100714
    }
  },
  "metrics_after": {
    "rouge": {
      "rouge1": 0.13568211552835188,
      "rouge2": 0.04262015503875969,
      "rougeL": 0.11051212748155355,
      "rougeLsum": 0.11854439003196378
    }
  },
  "avg_memory_saving_MB": 3.575,
  "time_before": 5.926428413391113,
  "time_after": 14.719583797454835,
  "avg_time_saving_s": -8.793155384063722,
  "throughput_before": 26.774804514205915,
  "throughput_after": 28.738001212648395,
  "avg_throughput_improvement_tokens_s": 1.9631966984424807
}